{"train f1score 0": 0.0, "_timestamp": 1656785347, "_runtime": 980, "_step": 743, "train f1score 1": 0.0, "train f1score 2": 0.0, "train f1score 3": 0.0, "train f1score 4": 0.0, "train loss": 2.2430217266082764, "test loss": 1.4337128400802612, "test f1score 0": 0.25, "test f1score 1": 0.3333333333333333, "test f1score 2": 0.0, "test f1score 3": 0.0, "test f1score 4": 0.0, "_wandb": {"runtime": 983}}