{"train f1score Mild": 0.0, "_timestamp": 1657765316, "_runtime": 5783, "_step": 3155, "train f1score Moderate": 0.2857142857142857, "train f1score No_DR": 0.0, "train f1score Proliferate_DR": 0.0, "train f1score Severe": 0.0, "train loss": 1.743164300918579, "test loss": 1.5925157070159912, "test f1score Mild": 0.0, "test f1score Moderate": 0.2222222222222222, "test f1score No_DR": 0.0, "test f1score Proliferate_DR": 0.0, "test f1score Severe": 0.0, "_wandb": {"runtime": 5784}}