{"train f1score Mild": 0.0, "_timestamp": 1657758912, "_runtime": 359, "_step": 299, "train f1score Moderate": 0.0, "train f1score No_DR": 0.8571428571428571, "train f1score Proliferate_DR": 0.0, "train f1score Severe": 0.0, "train loss": 1.3307874202728271, "test loss": 0.851729154586792, "test f1score Mild": 0.0, "test f1score Moderate": 0.0, "test f1score No_DR": 0.8571428571428571, "test f1score Proliferate_DR": 0.0, "test f1score Severe": 0.0, "_wandb": {"runtime": 363}}