{"train loss": 1.4221824407577515, "_timestamp": 1656783143, "_runtime": 784, "_step": 340, "test loss": 1.3319202661514282}